Canción 1,Canción 2,Canción 3,Canción 4,Canción 5,Canción 6,Canción 7,Canción 8,Canción 9,Canción 10,Canción 11,Canción 12
What Makes You Beautiful,La_Original.mp3,La Bilirrubina,L'ona,Tobogan,Cómo Te Atreves,A quién le importa,Por la Raja de Tu Falda,Uptown Funk,Pull Up,YMCA,habibi
Una Lluna a L'Aigua,Boig Per Tu,"Marta, Sebas, Guille y los demás",Te Pintaron Pajaritos,Cuando Brille el Sol,Vaya Liada,Camins,Lagrimas De Amor,"Lo Que Pasó, Pasó",Te he echado de menos,Suavemente,Bon dia
Mamipuladora,Besos,L'ona,Les Teves Pigues,"Amics, Tiets i Coneguts",Te Pintaron Pajaritos,Carolina,Millor del que pensava,Jenifer,No Puedo Vivir Sin Ti,Gat rumberu,YMCA
Bailando por Ahi,La_Original.mp3,Riptide,Cuando Tú Vas,TOCA,JA DORMIRÉ,Devuélveme a mi chica,Entre Poetas y Presos,What Makes You Beautiful,Besos,Crazy In Love,Mi Estrella Blanca
Mamipuladora,L'ona,La Vida Es Un Carnaval,Coti x Coti,Mamma Mia,JA DORMIRÉ,Breaking Free,DROGA,Rosas,Enamorado de la moda juvenil,Si Antes Te Hubiera Conocido,Todos los días sale el sol
Bailando por Ahi,Mamma Mia,LA PLATJA,The Nights,Que La Detengan,6 DE FEBRERO,Por la Raja de Tu Falda,Don't Stop The Music,YMCA,Si Antes Te Hubiera Conocido,Ay Mamá,Mi Estrella Blanca
Die Young,"Amics, Tiets i Coneguts",Princesa de mi cuento,Breaking Free,Coti x Coti,The Ketchup Song (Aserejé),Don't Stop Me Now,Que Chévere,I Gotta Feeling,Te he echado de menos,Vaya Liada,habibi
L'ona,Cuando Tú Vas,Cuando Brille el Sol,TOCA,The Nights,Devuélveme a mi chica,Grup de Pop,DROGA,Gat rumberu,Vaya Liada,Si Antes Te Hubiera Conocido,Em bategues
Alors on danse,Beggin',habibi,Besos,Coti x Coti,Hay Que Venir Al Sur,DROGA,A quién le importa,Por la Raja de Tu Falda,Des del Dia 1,Si Antes Te Hubiera Conocido,Barbie Girl
Hips Don't Lie,Escopinya,Tobogan,Princesa de mi cuento,Te Pintaron Pajaritos,Que La Detengan,Entre Poetas y Presos,Jenifer,Pasado Pisado,Enamorado de la moda juvenil,Don't Stop The Music,Suavemente
Paquito El Chocolatero,Hips Don't Lie,"Amics, Tiets i Coneguts",I Want It That Way,15 Dies,Breaking Free,Mamma Mia,TOCA,DROGA,More Than Friends,Besos,Suavemente
Alors on danse,Beggin',Una Lluna a L'Aigua,Mamipuladora,Libertad,Matchday (Ale Ale Ale),Camins,6 DE FEBRERO,Pasado Pisado,More Than Friends,Me Rehúso,This Is Me
El Fin del Mundo,Mon Cheri Go Home,Ay Mamá,La_Original.mp3,Cuando Tú Vas,En Peu de Guerra,Millor del que pensava,Por la Raja de Tu Falda,More Than Friends,Crazy In Love,Todos los días sale el sol,La flaca
Paquito El Chocolatero,Alors on danse,Barbie Girl,Hips Don't Lie,"Marta, Sebas, Guille y los demás",Cómo Te Atreves,La flaca,Enamorado de la moda juvenil,More Than Friends,Te he echado de menos,Boig Per Tu,Em bategues
Alors on danse,I Want It That Way,Wrecking Ball,15 Dies,Coti x Coti,Todos los días sale el sol,Te Pintaron Pajaritos,Cómo Te Atreves,Camins,Jenifer,Vaya Liada,This Is Me
Paquito El Chocolatero,La_Original.mp3,Die Young,Cómo Te Atreves,Al mar!,DROGA,No Puedo Vivir Sin Ti,Des del Dia 1,Suavemente,Por la Raja de Tu Falda,This Is Me,Mi Estrella Blanca
Bailando por Ahi,Beggin',Hips Don't Lie,Les Teves Pigues,I Want It That Way,Wrecking Ball,Samba do Brasil,La Vida Es Un Carnaval,Camins,Don't Stop Me Now,Por la Raja de Tu Falda,Besos
La Revolución Sexual,Die Young,Hips Don't Lie,Riptide,The Nights,En Peu de Guerra,Devuélveme a mi chica,Que La Detengan,A quién le importa,AURORA,What Makes You Beautiful,Lágrimas desordenadas
Barbie Girl,I Want It That Way,Devuélveme a mi chica,A quién le importa,Supermercat,I Gotta Feeling,No Puedo Vivir Sin Ti,More Than Friends,Gat rumberu,YMCA,Si Antes Te Hubiera Conocido,Mi Estrella Blanca
Beggin',Tobogan,"Amics, Tiets i Coneguts",You're The One That I Want,Coti x Coti,Devuélveme a mi chica,T'he Trobat a Faltar,Rosas,The Ketchup Song (Aserejé),AURORA,YMCA,Pasado Pisado
Bailando por Ahi,La Bilirrubina,Escopinya,Tokyo,Cómo Te Atreves,Citant Mercé Rodoreda,Don't Stop Me Now,Lagrimas De Amor,Enamorado de la moda juvenil,Vaya Liada,This Is Me,La flaca
Física o quí­mica,Al mar!,LA PLATJA,DROGA,Bad Romance,AURORA,No Puedo Vivir Sin Ti,El Fin del Mundo,YMCA,Me Rehúso,Uptown Funk,La flaca
Bailando por Ahi,Tobogan,This Is Me,You're The One That I Want,Samba do Brasil,I Want It That Way,Grup de Pop,Carolina,Rosas,Lagrimas De Amor,Des del Dia 1,Todos los días sale el sol
Besos,Cómo Te Atreves,Te he echado de menos,Des del Dia 1,Que La Detengan,The Ketchup Song (Aserejé),Don't Stop Me Now,"Lo Que Pasó, Pasó",Hay Que Venir Al Sur,Don't Stop The Music,Gat rumberu,Me Rehúso
Una Lluna a L'Aigua,More Than Friends,L'ona,I Want It That Way,Te Pintaron Pajaritos,La Vida Es Un Carnaval,Samba do Brasil,En Peu de Guerra,Entre Poetas y Presos,Bad Romance,Uptown Funk,Todos los días sale el sol
Beggin',Hips Don't Lie,Física o quí­mica,I Want It That Way,Riptide,Cómo Te Atreves,Dos Hombres Y Un Destino,LA PLATJA,Citant Mercé Rodoreda,Rosas,Enamorado de la moda juvenil,YMCA
La Revolución Sexual,Una Lluna a L'Aigua,Mamipuladora,Crazy In Love,I Want It That Way,LA PLATJA,Citant Mercé Rodoreda,Don't Stop Me Now,A quién le importa,Te he echado de menos,Suavemente,La flaca
Beggin',Mamipuladora,Escopinya,Libertad,Tokyo,En Peu de Guerra,Citant Mercé Rodoreda,DROGA,Bad Romance,I Gotta Feeling,habibi,Fiesta Pagana
Alors on danse,Dos Hombres Y Un Destino,La Vida Es Un Carnaval,Al mar!,Citant Mercé Rodoreda,Millor del que pensava,Que Chévere,NUEVAYoL,"Lo Que Pasó, Pasó",Uptown Funk,Me Rehúso,Todos los días sale el sol
The Lazy Song,Te Pintaron Pajaritos,Breaking Free,Mamma Mia,Matchday (Ale Ale Ale),NUEVAYoL,Don't Stop Me Now,Lagrimas De Amor,Pasado Pisado,Hay Que Venir Al Sur,Te he echado de menos,Fiesta Pagana
Mamipuladora,Die Young,Ferran Adrià,Libertad,Devuélveme a mi chica,NUEVAYoL,"Lo Que Pasó, Pasó",I Gotta Feeling,Jenifer,Suavemente,Todos los días sale el sol,Mi Estrella Blanca
La Bilirrubina,Samba do Brasil,Coti x Coti,TOCA,DROGA,Millor del que pensava,6 DE FEBRERO,Pasado Pisado,AURORA,"Lo Que Pasó, Pasó",Besos,Vaya Liada
Bailando por Ahi,Mon Cheri Go Home,La Bilirrubina,"Amics, Tiets i Coneguts",Matchday (Ale Ale Ale),Devuélveme a mi chica,DROGA,Bad Romance,"Lo Que Pasó, Pasó",El Fin del Mundo,Des del Dia 1,Si Antes Te Hubiera Conocido
Mamipuladora,Die Young,I Want It That Way,La Vida Es Un Carnaval,DROGA,Carolina,"Lo Que Pasó, Pasó",Pasado Pisado,Hay Que Venir Al Sur,Gat rumberu,This Is Me,Em bategues
El Fin del Mundo,Die Young,L'ona,Boig Per Tu,Tokyo,15 Dies,Samba do Brasil,Carolina,No Puedo Vivir Sin Ti,Don't Stop The Music,Crazy In Love,Lágrimas desordenadas
Ay Mamá,The Lazy Song,Em bategues,Física o quí­mica,Tobogan,Princesa de mi cuento,Libertad,Cuando Brille el Sol,Citant Mercé Rodoreda,AURORA,This Is Me,Barbie Girl
Bailando por Ahi,La Revolución Sexual,La_Original.mp3,Ferran Adrià,"Marta, Sebas, Guille y los demás",Te Pintaron Pajaritos,La Vida Es Un Carnaval,LA PLATJA,Don't Stop Me Now,Rosas,Hay Que Venir Al Sur,habibi
Me Rehúso,"Amics, Tiets i Coneguts",Des del Dia 1,LA PLATJA,Grup de Pop,Millor del que pensava,Don't Stop Me Now,Por la Raja de Tu Falda,What Makes You Beautiful,YMCA,Suavemente,Bon dia
Mon Cheri Go Home,Die Young,Camins,Cuando Brille el Sol,Al mar!,The Ketchup Song (Aserejé),Don't Stop Me Now,Jenifer,Entre Poetas y Presos,Besos,Si Antes Te Hubiera Conocido,Barbie Girl
La_Original.mp3,The Lazy Song,Física o quí­mica,"Amics, Tiets i Coneguts",Bad Romance,"Lo Que Pasó, Pasó",I Gotta Feeling,Uptown Funk,Gat rumberu,habibi,Bon dia,Mi Estrella Blanca
Bailando por Ahi,Hips Don't Lie,Física o quí­mica,L'ona,Wrecking Ball,Al mar!,En Peu de Guerra,Citant Mercé Rodoreda,Lagrimas De Amor,Entre Poetas y Presos,Sweet Caroline,Ay Mamá
La Revolución Sexual,La_Original.mp3,Escopinya,Ferran Adrià,Breaking Free,DROGA,AURORA,Entre Poetas y Presos,Te he echado de menos,Si Antes Te Hubiera Conocido,Lágrimas desordenadas,La flaca
Paquito El Chocolatero,Una Lluna a L'Aigua,Escopinya,L'ona,Riptide,No Puedo Vivir Sin Ti,JA DORMIRÉ,LA PLATJA,Supermercat,Por la Raja de Tu Falda,Te he echado de menos,habibi
Una Lluna a L'Aigua,Ferran Adrià,Matchday (Ale Ale Ale),Cuando Tú Vas,6 DE FEBRERO,AURORA,Hay Que Venir Al Sur,Uptown Funk,Des del Dia 1,Crazy In Love,Bon dia,Em bategues
Mon Cheri Go Home,Una Lluna a L'Aigua,Em bategues,Cuando Tú Vas,Dos Hombres Y Un Destino,Al mar!,Rosas,"Lo Que Pasó, Pasó",Pasado Pisado,No Puedo Vivir Sin Ti,Lágrimas desordenadas,La flaca
Tobogan,Tokyo,"Amics, Tiets i Coneguts",Cómo Te Atreves,Cuando Tú Vas,Coti x Coti,JA DORMIRÉ,Dos Hombres Y Un Destino,Que La Detengan,Millor del que pensava,I Gotta Feeling,Entre Poetas y Presos
Paquito El Chocolatero,Die Young,Les Teves Pigues,Cuando Tú Vas,La Vida Es Un Carnaval,Grup de Pop,6 DE FEBRERO,AURORA,Enamorado de la moda juvenil,Don't Stop The Music,Vaya Liada,Fiesta Pagana
La Bilirrubina,Hips Don't Lie,Tokyo,Wrecking Ball,You're The One That I Want,Que La Detengan,Carolina,Don't Stop Me Now,"Lo Que Pasó, Pasó",El Fin del Mundo,YMCA,habibi
Paquito El Chocolatero,La Revolución Sexual,Dos Hombres Y Un Destino,Vaya Liada,Carolina,NUEVAYoL,Millor del que pensava,Supermercat,Enamorado de la moda juvenil,Suavemente,Sweet Caroline,This Is Me
I Gotta Feeling,Una Lluna a L'Aigua,Tobogan,Princesa de mi cuento,I Want It That Way,Al mar!,The Ketchup Song (Aserejé),Pasado Pisado,Por la Raja de Tu Falda,Des del Dia 1,Sweet Caroline,Barbie Girl
La Revolución Sexual,Mon Cheri Go Home,Ferran Adrià,Física o quí­mica,Wrecking Ball,Dos Hombres Y Un Destino,JA DORMIRÉ,TOCA,Bad Romance,Por la Raja de Tu Falda,Uptown Funk,Vaya Liada
Girls Just Want to Have Fun,Tobogan,Te Pintaron Pajaritos,Breaking Free,En Peu de Guerra,Devuélveme a mi chica,6 DE FEBRERO,No Puedo Vivir Sin Ti,Pull Up,Crazy In Love,Me Rehúso,This Is Me
Bailando por Ahi,Hips Don't Lie,More Than Friends,Libertad,Coti x Coti,Grup de Pop,DROGA,NUEVAYoL,A quién le importa,El Fin del Mundo,Sweet Caroline,Uptown Funk
The Lazy Song,Die Young,Tobogan,No Puedo Vivir Sin Ti,Mamma Mia,TOCA,The Nights,Al mar!,I Gotta Feeling,Enamorado de la moda juvenil,Entre Poetas y Presos,habibi
El Fin del Mundo,Mamipuladora,Die Young,"Amics, Tiets i Coneguts",Cómo Te Atreves,Citant Mercé Rodoreda,Que La Detengan,Rosas,What Makes You Beautiful,Des del Dia 1,Ay Mamá,Em bategues
Die Young,Les Teves Pigues,Física o quí­mica,Riptide,TOCA,Devuélveme a mi chica,T'he Trobat a Faltar,NUEVAYoL,Don't Stop Me Now,Bad Romance,Enamorado de la moda juvenil,Te he echado de menos
Girls Just Want to Have Fun,Les Teves Pigues,"Marta, Sebas, Guille y los demás",Dos Hombres Y Un Destino,Devuélveme a mi chica,Que La Detengan,Rosas,DROGA,6 DE FEBRERO,A quién le importa,Entre Poetas y Presos,Todos los días sale el sol
Bailando por Ahi,Mon Cheri Go Home,Una Lluna a L'Aigua,Cómo Te Atreves,Coti x Coti,15 Dies,AURORA,Enamorado de la moda juvenil,Don't Stop The Music,habibi,Girls Just Want to Have Fun,Mi Estrella Blanca
Alors on danse,La Bilirrubina,Hips Don't Lie,You're The One That I Want,Camins,The Ketchup Song (Aserejé),Rosas,Supermercat,Don't Stop The Music,Pull Up,Si Antes Te Hubiera Conocido,Uptown Funk
You're The One That I Want,Cuando Brille el Sol,The Nights,En Peu de Guerra,Carolina,Bad Romance,Que Chévere,6 DE FEBRERO,Des del Dia 1,Vaya Liada,Girls Just Want to Have Fun,Mi Estrella Blanca
Mamipuladora,I Want It That Way,Wrecking Ball,Matchday (Ale Ale Ale),Mamma Mia,The Nights,En Peu de Guerra,The Ketchup Song (Aserejé),"Lo Que Pasó, Pasó",Por la Raja de Tu Falda,Uptown Funk,Lágrimas desordenadas
Mamipuladora,La_Original.mp3,Ferran Adrià,Princesa de mi cuento,Dos Hombres Y Un Destino,No Puedo Vivir Sin Ti,The Ketchup Song (Aserejé),Citant Mercé Rodoreda,Que La Detengan,Que Chévere,Hay Que Venir Al Sur,Entre Poetas y Presos
Paquito El Chocolatero,"Amics, Tiets i Coneguts",I Want It That Way,Camins,Matchday (Ale Ale Ale),T'he Trobat a Faltar,Don't Stop Me Now,A quién le importa,Jenifer,Des del Dia 1,Boig Per Tu,Em bategues
Ferran Adrià,Libertad,This Is Me,Mamma Mia,JA DORMIRÉ,Lágrimas desordenadas,Grup de Pop,Don't Stop Me Now,El Fin del Mundo,Gat rumberu,Todos los días sale el sol,Barbie Girl
Paquito El Chocolatero,Tokyo,Princesa de mi cuento,Cuando Tú Vas,Al mar!,En Peu de Guerra,Que La Detengan,The Nights,Uptown Funk,Pull Up,Me Rehúso,Mi Estrella Blanca
Girls Just Want to Have Fun,La Revolución Sexual,La Bilirrubina,La_Original.mp3,More Than Friends,La Vida Es Un Carnaval,Dos Hombres Y Un Destino,Breaking Free,No Puedo Vivir Sin Ti,What Makes You Beautiful,Todos los días sale el sol,Mi Estrella Blanca
Tokyo,Samba do Brasil,Cuando Brille el Sol,Mamma Mia,TOCA,Matchday (Ale Ale Ale),En Peu de Guerra,Citant Mercé Rodoreda,Supermercat,What Makes You Beautiful,Te he echado de menos,Suavemente
I Gotta Feeling,Bailando por Ahi,L'ona,Hay Que Venir Al Sur,En Peu de Guerra,Carolina,Bad Romance,AURORA,Enamorado de la moda juvenil,Pull Up,Si Antes Te Hubiera Conocido,Lágrimas desordenadas
L'ona,Riptide,I Want It That Way,Te Pintaron Pajaritos,Matchday (Ale Ale Ale),Cuando Brille el Sol,The Nights,Millor del que pensava,6 DE FEBRERO,I Gotta Feeling,Enamorado de la moda juvenil,Bon dia
Ay Mamá,Die Young,Ferran Adrià,Cómo Te Atreves,La Vida Es Un Carnaval,Coti x Coti,Camins,Carolina,Millor del que pensava,T'he Trobat a Faltar,Lagrimas De Amor,Girls Just Want to Have Fun
L'ona,Riptide,Princesa de mi cuento,Samba do Brasil,Breaking Free,Devuélveme a mi chica,Citant Mercé Rodoreda,NUEVAYoL,Que La Detengan,Suavemente,Boig Per Tu,Barbie Girl
Wrecking Ball,Te Pintaron Pajaritos,DROGA,Rosas,Pasado Pisado,Por la Raja de Tu Falda,El Fin del Mundo,Gat rumberu,Pull Up,Suavemente,Ay Mamá,Barbie Girl
Bon dia,Mon Cheri Go Home,Les Teves Pigues,Todos los días sale el sol,Don't Stop The Music,The Ketchup Song (Aserejé),I Gotta Feeling,Entre Poetas y Presos,Suavemente,Vaya Liada,Uptown Funk,This Is Me
Beggin',Les Teves Pigues,L'ona,Princesa de mi cuento,Camins,Coti x Coti,LA PLATJA,DROGA,More Than Friends,YMCA,Boig Per Tu,Mi Estrella Blanca
Paquito El Chocolatero,La Revolución Sexual,Mon Cheri Go Home,Tobogan,15 Dies,Camins,Grup de Pop,6 DE FEBRERO,A quién le importa,Pasado Pisado,Hay Que Venir Al Sur,habibi
La Bilirrubina,The Lazy Song,Escopinya,"Marta, Sebas, Guille y los demás",Te Pintaron Pajaritos,Cuando Tú Vas,Al mar!,Que La Detengan,DROGA,Si Antes Te Hubiera Conocido,habibi,Bon dia
Beggin',"Amics, Tiets i Coneguts","Marta, Sebas, Guille y los demás",Cuando Tú Vas,Matchday (Ale Ale Ale),JA DORMIRÉ,Carolina,NUEVAYoL,Uptown Funk,YMCA,Boig Per Tu,Don't Stop The Music
Una Lluna a L'Aigua,The Lazy Song,En Peu de Guerra,Don't Stop Me Now,Supermercat,Enamorado de la moda juvenil,El Fin del Mundo,YMCA,Crazy In Love,Bon dia,This Is Me,Mi Estrella Blanca
Girls Just Want to Have Fun,Mon Cheri Go Home,Mamipuladora,Hips Don't Lie,"Amics, Tiets i Coneguts",Samba do Brasil,Al mar!,DROGA,Que Chévere,Hay Que Venir Al Sur,Don't Stop The Music,Todos los días sale el sol
Alors on danse,Beggin',La Bilirrubina,Les Teves Pigues,Dos Hombres Y Un Destino,Matchday (Ale Ale Ale),JA DORMIRÉ,En Peu de Guerra,The Ketchup Song (Aserejé),Grup de Pop,Hay Que Venir Al Sur,La flaca
Hips Don't Lie,Wrecking Ball,Samba do Brasil,Que La Detengan,DROGA,Lagrimas De Amor,I Gotta Feeling,No Puedo Vivir Sin Ti,Des del Dia 1,Vaya Liada,Me Rehúso,Barbie Girl
Bailando por Ahi,The Lazy Song,Les Teves Pigues,Tokyo,You're The One That I Want,Breaking Free,Camins,LA PLATJA,Enamorado de la moda juvenil,Si Antes Te Hubiera Conocido,Bon dia,Girls Just Want to Have Fun
Paquito El Chocolatero,La Revolución Sexual,La Bilirrubina,Hips Don't Lie,L'ona,Citant Mercé Rodoreda,T'he Trobat a Faltar,Que Chévere,Pasado Pisado,Besos,Bon dia,Barbie Girl
Una Lluna a L'Aigua,The Lazy Song,Física o quí­mica,"Marta, Sebas, Guille y los demás",Matchday (Ale Ale Ale),Jenifer,Hay Que Venir Al Sur,More Than Friends,Pull Up,Boig Per Tu,Por la Raja de Tu Falda,Lágrimas desordenadas
Hips Don't Lie,Libertad,"Amics, Tiets i Coneguts",15 Dies,Cuando Tú Vas,The Ketchup Song (Aserejé),Grup de Pop,Pasado Pisado,No Puedo Vivir Sin Ti,Des del Dia 1,Si Antes Te Hubiera Conocido,This Is Me
La_Original.mp3,La Bilirrubina,Princesa de mi cuento,En Peu de Guerra,Citant Mercé Rodoreda,Grup de Pop,Bad Romance,Don't Stop The Music,Te he echado de menos,Bon dia,Girls Just Want to Have Fun,Em bategues
Bailando por Ahi,Beggin',More Than Friends,You're The One That I Want,Te Pintaron Pajaritos,Cuando Tú Vas,Cuando Brille el Sol,Bad Romance,Pasado Pisado,Don't Stop The Music,Besos,Lágrimas desordenadas
La Revolución Sexual,La_Original.mp3,La Bilirrubina,Die Young,Cuando Tú Vas,Mamma Mia,Carolina,Bad Romance,Lagrimas De Amor,YMCA,Crazy In Love,Si Antes Te Hubiera Conocido
La Bilirrubina,Les Teves Pigues,Tokyo,You're The One That I Want,T'he Trobat a Faltar,Millor del que pensava,Bad Romance,Jenifer,What Makes You Beautiful,Boig Per Tu,This Is Me,Barbie Girl
La_Original.mp3,Besos,Les Teves Pigues,"Amics, Tiets i Coneguts",The Nights,Sweet Caroline,AURORA,Por la Raja de Tu Falda,Don't Stop The Music,Pull Up,Pasado Pisado,Hay Que Venir Al Sur
Paquito El Chocolatero,Alors on danse,La Revolución Sexual,15 Dies,The Ketchup Song (Aserejé),T'he Trobat a Faltar,Devuélveme a mi chica,Bad Romance,What Makes You Beautiful,Gat rumberu,Pull Up,Sweet Caroline
El Fin del Mundo,What Makes You Beautiful,Escopinya,Dos Hombres Y Un Destino,T'he Trobat a Faltar,Lagrimas De Amor,Don't Stop The Music,Si Antes Te Hubiera Conocido,Vaya Liada,Sweet Caroline,Uptown Funk,Em bategues
El Fin del Mundo,La Revolución Sexual,Una Lluna a L'Aigua,Escopinya,Princesa de mi cuento,You're The One That I Want,Camins,Rosas,Jenifer,I Gotta Feeling,More Than Friends,Girls Just Want to Have Fun
Beggin',Mon Cheri Go Home,"Marta, Sebas, Guille y los demás",Cómo Te Atreves,La Vida Es Un Carnaval,Coti x Coti,Bad Romance,La flaca,No Puedo Vivir Sin Ti,Suavemente,Hay Que Venir Al Sur,Fiesta Pagana
Besos,Les Teves Pigues,Princesa de mi cuento,Riptide,La Vida Es Un Carnaval,JA DORMIRÉ,Rosas,Pasado Pisado,No Puedo Vivir Sin Ti,Des del Dia 1,Boig Per Tu,Bon dia
La_Original.mp3,The Lazy Song,I Want It That Way,Te Pintaron Pajaritos,Cuando Brille el Sol,TOCA,Que Chévere,Supermercat,Por la Raja de Tu Falda,Fiesta Pagana,Boig Per Tu,Em bategues
Barbie Girl,Escopinya,Boig Per Tu,Libertad,15 Dies,Cómo Te Atreves,Que Chévere,Hay Que Venir Al Sur,YMCA,Crazy In Love,Ay Mamá,Fiesta Pagana
Alors on danse,Bailando por Ahi,L'ona,Princesa de mi cuento,Dos Hombres Y Un Destino,Al mar!,Bad Romance,6 DE FEBRERO,Supermercat,Crazy In Love,This Is Me,La flaca
Crazy In Love,Física o quí­mica,Hips Don't Lie,Les Teves Pigues,Cómo Te Atreves,JA DORMIRÉ,Jenifer,Pasado Pisado,Hay Que Venir Al Sur,Vaya Liada,Si Antes Te Hubiera Conocido,Girls Just Want to Have Fun
Paquito El Chocolatero,La_Original.mp3,You're The One That I Want,Cuando Brille el Sol,Coti x Coti,JA DORMIRÉ,Grup de Pop,NUEVAYoL,Jenifer,Entre Poetas y Presos,Me Rehúso,Em bategues
Barbie Girl,Beggin',Tobogan,"Amics, Tiets i Coneguts",15 Dies,Que La Detengan,Bad Romance,Lagrimas De Amor,Enamorado de la moda juvenil,Besos,Girls Just Want to Have Fun,Em bategues
Alors on danse,Mon Cheri Go Home,Tokyo,Tobogan,Coti x Coti,Vaya Liada,La Vida Es Un Carnaval,NUEVAYoL,Supermercat,Crazy In Love,Girls Just Want to Have Fun,Barbie Girl
Paquito El Chocolatero,Una Lluna a L'Aigua,Besos,Mamma Mia,JA DORMIRÉ,The Nights,Citant Mercé Rodoreda,Carolina,Enamorado de la moda juvenil,Me Rehúso,Crazy In Love,Ay Mamá
Ay Mamá,Mamipuladora,La_Original.mp3,You're The One That I Want,Al mar!,DROGA,A quién le importa,6 DE FEBRERO,Supermercat,Enamorado de la moda juvenil,Jenifer,Lágrimas desordenadas
Mon Cheri Go Home,Ferran Adrià,Wrecking Ball,Citant Mercé Rodoreda,T'he Trobat a Faltar,Grup de Pop,Entre Poetas y Presos,A quién le importa,Enamorado de la moda juvenil,More Than Friends,Todos los días sale el sol,Fiesta Pagana
Escopinya,Riptide,Wrecking Ball,15 Dies,Dos Hombres Y Un Destino,Mamma Mia,Princesa de mi cuento,You're The One That I Want,Bad Romance,Entre Poetas y Presos,Pull Up,Em bategues
Ferran Adrià,Tobogan,Cuando Tú Vas,Coti x Coti,Bad Romance,Lagrimas De Amor,Pasado Pisado,Gat rumberu,Boig Per Tu,habibi,Todos los días sale el sol,La flaca
Beggin',La Bilirrubina,The Lazy Song,Física o quí­mica,Les Teves Pigues,Te Pintaron Pajaritos,LA PLATJA,Por la Raja de Tu Falda,Entre Poetas y Presos,Des del Dia 1,Vaya Liada,Ay Mamá
Tokyo,Libertad,Cuando Brille el Sol,Devuélveme a mi chica,Millor del que pensava,Que Chévere,Hay Que Venir Al Sur,More Than Friends,Gat rumberu,Besos,Uptown Funk,La flaca
Bailando por Ahi,Beggin',Mamipuladora,Boig Per Tu,"Marta, Sebas, Guille y los demás",Jenifer,Pasado Pisado,Supermercat,What Makes You Beautiful,Gat rumberu,Suavemente,Girls Just Want to Have Fun
Alors on danse,Mamipuladora,La_Original.mp3,Escopinya,Física o quí­mica,Tokyo,Matchday (Ale Ale Ale),LA PLATJA,Que La Detengan,Millor del que pensava,Don't Stop Me Now,Mi Estrella Blanca
The Lazy Song,La Bilirrubina,L'ona,Cuando Brille el Sol,Coti x Coti,Mamma Mia,Grup de Pop,Que Chévere,I Gotta Feeling,Hay Que Venir Al Sur,This Is Me,Mi Estrella Blanca
Mon Cheri Go Home,La Bilirrubina,"Amics, Tiets i Coneguts",Riptide,Camins,Breaking Free,En Peu de Guerra,Rosas,Millor del que pensava,A quién le importa,No Puedo Vivir Sin Ti,Barbie Girl
Girls Just Want to Have Fun,Wrecking Ball,La Vida Es Un Carnaval,The Nights,LA PLATJA,Citant Mercé Rodoreda,Devuélveme a mi chica,Lagrimas De Amor,Pasado Pisado,Don't Stop The Music,Boig Per Tu,Lágrimas desordenadas
Escopinya,L'ona,Libertad,Tobogan,The Nights,T'he Trobat a Faltar,What Makes You Beautiful,Des del Dia 1,Boig Per Tu,Bon dia,Girls Just Want to Have Fun,La flaca
Mon Cheri Go Home,Tobogan,You're The One That I Want,15 Dies,Mamma Mia,JA DORMIRÉ,Que Chévere,"Lo Que Pasó, Pasó",Supermercat,Por la Raja de Tu Falda,Gat rumberu,Si Antes Te Hubiera Conocido
La_Original.mp3,Mamipuladora,Libertad,Riptide,Wrecking Ball,Samba do Brasil,Camins,The Nights,La flaca,Gat rumberu,Te he echado de menos,Em bategues
Bailando por Ahi,Die Young,Wrecking Ball,You're The One That I Want,15 Dies,JA DORMIRÉ,Devuélveme a mi chica,Carolina,I Gotta Feeling,Vaya Liada,Bon dia,Fiesta Pagana
La Revolución Sexual,Mamipuladora,More Than Friends,L'ona,Dos Hombres Y Un Destino,LA PLATJA,En Peu de Guerra,Fiesta Pagana,Lagrimas De Amor,Don't Stop The Music,Des del Dia 1,Barbie Girl
La Revolución Sexual,Beggin',Libertad,I Want It That Way,Breaking Free,The Ketchup Song (Aserejé),Pull Up,Besos,Boig Per Tu,habibi,Ay Mamá,Em bategues
Mamipuladora,AURORA,Libertad,15 Dies,Matchday (Ale Ale Ale),Carolina,Entre Poetas y Presos,Don't Stop Me Now,Jenifer,Lagrimas De Amor,Uptown Funk,La flaca
15 Dies,Cuando Brille el Sol,La Vida Es Un Carnaval,TOCA,T'he Trobat a Faltar,Rosas,Carolina,6 DE FEBRERO,Enamorado de la moda juvenil,Entre Poetas y Presos,Gat rumberu,Barbie Girl
Alors on danse,La Revolución Sexual,Les Teves Pigues,Libertad,Riptide,Wrecking Ball,15 Dies,NUEVAYoL,Uptown Funk,Bon dia,Girls Just Want to Have Fun,Mi Estrella Blanca
Bailando por Ahi,Escopinya,Física o quí­mica,Matchday (Ale Ale Ale),Coti x Coti,Cuando Tú Vas,No Puedo Vivir Sin Ti,Camins,6 DE FEBRERO,Por la Raja de Tu Falda,Enamorado de la moda juvenil,Barbie Girl
Beggin',Ferran Adrià,15 Dies,Breaking Free,TOCA,JA DORMIRÉ,T'he Trobat a Faltar,Don't Stop Me Now,A quién le importa,Sweet Caroline,Si Antes Te Hubiera Conocido,Bon dia
Paquito El Chocolatero,What Makes You Beautiful,"Marta, Sebas, Guille y los demás",Riptide,Te Pintaron Pajaritos,Al mar!,Rosas,Entre Poetas y Presos,Me Rehúso,Suavemente,Sweet Caroline,Lágrimas desordenadas
habibi,Tokyo,Princesa de mi cuento,Wrecking Ball,Cómo Te Atreves,Mamma Mia,Rosas,AURORA,More Than Friends,Des del Dia 1,Si Antes Te Hubiera Conocido,Uptown Funk
Mon Cheri Go Home,habibi,Libertad,"Marta, Sebas, Guille y los demás",15 Dies,The Nights,Citant Mercé Rodoreda,Rosas,Jenifer,Por la Raja de Tu Falda,El Fin del Mundo,Bon dia
Ferran Adrià,Tobogan,You're The One That I Want,Samba do Brasil,Cuando Brille el Sol,15 Dies,Cómo Te Atreves,LA PLATJA,The Nights,NUEVAYoL,What Makes You Beautiful,Besos
Física o quí­mica,Libertad,I Want It That Way,Carolina,NUEVAYoL,6 DE FEBRERO,Lagrimas De Amor,A quién le importa,Por la Raja de Tu Falda,Gat rumberu,Crazy In Love,Girls Just Want to Have Fun
Mon Cheri Go Home,Física o quí­mica,"Marta, Sebas, Guille y los demás",You're The One That I Want,La Vida Es Un Carnaval,Cuando Brille el Sol,Matchday (Ale Ale Ale),Don't Stop Me Now,Pasado Pisado,Gat rumberu,Sweet Caroline,Bon dia
Alors on danse,Les Teves Pigues,I Want It That Way,15 Dies,Matchday (Ale Ale Ale),Rosas,Que Chévere,Lagrimas De Amor,No Puedo Vivir Sin Ti,Don't Stop The Music,Suavemente,Em bategues
La Bilirrubina,Les Teves Pigues,Tobogan,I Want It That Way,La Vida Es Un Carnaval,T'he Trobat a Faltar,A quién le importa,Hay Que Venir Al Sur,El Fin del Mundo,Me Rehúso,Sweet Caroline,Mi Estrella Blanca
Mon Cheri Go Home,The Lazy Song,Princesa de mi cuento,Cómo Te Atreves,Te Pintaron Pajaritos,Al mar!,Devuélveme a mi chica,Carolina,NUEVAYoL,Enamorado de la moda juvenil,El Fin del Mundo,Gat rumberu
Paquito El Chocolatero,Bailando por Ahi,Escopinya,Todos los días sale el sol,Camins,TOCA,Al mar!,YMCA,Suavemente,habibi,Ay Mamá,Em bategues
Besos,Crazy In Love,Escopinya,Riptide,La Vida Es Un Carnaval,The Ketchup Song (Aserejé),T'he Trobat a Faltar,6 DE FEBRERO,More Than Friends,YMCA,Suavemente,La flaca
El Fin del Mundo,Les Teves Pigues,Tobogan,Wrecking Ball,Breaking Free,Lágrimas desordenadas,The Ketchup Song (Aserejé),Don't Stop Me Now,Millor del que pensava,What Makes You Beautiful,Pull Up,Don't Stop The Music
Tobogan,Riptide,Wrecking Ball,Dos Hombres Y Un Destino,TOCA,Citant Mercé Rodoreda,Que Chévere,Jenifer,Gat rumberu,Des del Dia 1,Suavemente,habibi
Beggin',La_Original.mp3,La Bilirrubina,Riptide,Wrecking Ball,Coti x Coti,En Peu de Guerra,Carolina,T'he Trobat a Faltar,Supermercat,What Makes You Beautiful,Sweet Caroline
Bailando por Ahi,La Revolución Sexual,Besos,Princesa de mi cuento,15 Dies,Millor del que pensava,Por la Raja de Tu Falda,Entre Poetas y Presos,Te he echado de menos,Boig Per Tu,Todos los días sale el sol,YMCA
Alors on danse,Una Lluna a L'Aigua,The Lazy Song,Mamipuladora,Escopinya,Wrecking Ball,Cuando Tú Vas,Dos Hombres Y Un Destino,Supermercat,Uptown Funk,Gat rumberu,Besos
Girls Just Want to Have Fun,I Want It That Way,Riptide,Coti x Coti,Cuando Brille el Sol,JA DORMIRÉ,LA PLATJA,T'he Trobat a Faltar,AURORA,Uptown Funk,Des del Dia 1,This Is Me
More Than Friends,"Marta, Sebas, Guille y los demás",Samba do Brasil,Cuando Tú Vas,Fiesta Pagana,T'he Trobat a Faltar,"Lo Que Pasó, Pasó",Supermercat,Don't Stop The Music,Pull Up,Girls Just Want to Have Fun,Mi Estrella Blanca
Alors on danse,La Revolución Sexual,Beggin',Ferran Adrià,"Amics, Tiets i Coneguts",Millor del que pensava,Lagrimas De Amor,Pasado Pisado,No Puedo Vivir Sin Ti,Entre Poetas y Presos,Pull Up,Mi Estrella Blanca
Alors on danse,Una Lluna a L'Aigua,La_Original.mp3,Tobogan,"Marta, Sebas, Guille y los demás",Coti x Coti,Cuando Tú Vas,DROGA,Carolina,Que Chévere,Enamorado de la moda juvenil,This Is Me
Die Young,Hips Don't Lie,Les Teves Pigues,Cuando Brille el Sol,LA PLATJA,Citant Mercé Rodoreda,Que Chévere,Bad Romance,Supermercat,I Gotta Feeling,Uptown Funk,Crazy In Love
Mon Cheri Go Home,Escopinya,Die Young,L'ona,Hips Don't Lie,Tokyo,Riptide,Matchday (Ale Ale Ale),Camins,Gat rumberu,YMCA,Me Rehúso
Mamipuladora,You're The One That I Want,Coti x Coti,Grup de Pop,Que La Detengan,Millor del que pensava,AURORA,El Fin del Mundo,Pull Up,Crazy In Love,This Is Me,Fiesta Pagana
La_Original.mp3,Tobogan,"Amics, Tiets i Coneguts",Riptide,Samba do Brasil,Cómo Te Atreves,"Marta, Sebas, Guille y los demás",Al mar!,Don't Stop Me Now,Jenifer,AURORA,Crazy In Love
Paquito El Chocolatero,Camins,TOCA,The Nights,Fiesta Pagana,NUEVAYoL,Bad Romance,Pasado Pisado,Por la Raja de Tu Falda,Entre Poetas y Presos,Lágrimas desordenadas,Mi Estrella Blanca
